id,first_name,email
1,Edin,eiacovides0@oaic.gov.au
2,Aloysius,akurten1@latimes.com
3,Port,pwellbelove2@cisco.com
4,Devina,ddonnellan3@ycombinator.com
5,Marylin,mducker4@squarespace.com
6,Christoper,ccookson5@parallels.com
7,Vittoria,vskyme6@reuters.com
8,Charmaine,cmein7@sciencedaily.com
9,Hewe,hconan8@lulu.com
10,Lorie,lpigford9@quantcast.com
11,Xerxes,xfeehilya@yale.edu
12,Brigit,bblareb@npr.org
13,Leodora,lscreetonc@wisc.edu
14,Jessika,jmcnirland@paypal.com
15,Kimberlee,kminchintone@about.me
16,Brittne,bsaffranf@bloglovin.com
17,Holly,hnattg@howstuffworks.com
18,Kippy,kminithorpeh@bloglines.com
19,Smitty,smonkleighi@dropbox.com
20,Willow,wsatyfordj@storify.com
21,Parker,pcheyennek@jigsy.com
22,Chester,cpassel@dmoz.org
23,Elbertine,emingerm@dagondesign.com
24,Cassy,capplefordn@unicef.org
25,Gerrie,gduffillo@nifty.com
26,Lilyan,lpiddlehintonp@reverbnation.com
27,Heloise,hpalleyq@sina.com.cn
28,Terrell,tcatleyr@posterous.com
29,Rachelle,rblackallers@twitter.com
30,Odelle,olaxet@cornell.edu
31,Noelle,nnorthropu@engadget.com
32,Dion,dtollowv@narod.ru
33,Pepito,pdillinghamw@time.com
34,Abraham,aterbeekx@last.fm
35,Kyla,ktallboyy@walmart.com
36,Tynan,tvescoz@cnbc.com
37,Romona,rvertey10@nymag.com
38,Dorian,dliebrecht11@barnesandnoble.com
39,Masha,mawty12@hugedomains.com
40,Gweneth,gmccoole13@ifeng.com
41,Billy,bpaullin14@cyberchimps.com
42,Abramo,adenk15@answers.com
43,Rozele,rmccambrois16@mail.ru
44,Holly-anne,hfolling17@guardian.co.uk
45,Austen,apountney18@wikia.com
46,Kirstyn,kgauden19@simplemachines.org
47,Cordelie,ctudbald1a@feedburner.com
48,Herve,hpulhoster1b@google.com
49,Garwin,gvidineev1c@epa.gov
50,Delinda,dhanway1d@reference.com
51,Dominique,dcorwood1e@wired.com
52,Marena,mmoral1f@addthis.com
53,Cary,cgodridge1g@chronoengine.com
54,Carmela,criggs1h@usa.gov
55,Teddy,tpowton1i@ox.ac.uk
56,Freddy,fkettles1j@ucsd.edu
57,Jamill,jivanchenkov1k@so-net.ne.jp
58,Ophelia,oyounge1l@newyorker.com
59,Konrad,kshewring1m@squarespace.com
60,Rebecka,rsmallpeace1n@auda.org.au
61,Roselia,rwoffinden1o@mtv.com
62,Frederica,fkivelle1p@addtoany.com
63,Gianni,gsumpton1q@drupal.org
64,Koren,kbattrick1r@tripod.com
65,Pauly,ppischof1s@usatoday.com
66,Francine,frowsell1t@livejournal.com
67,Lyn,lburditt1u@tripadvisor.com
68,Elva,egauler1v@bluehost.com
69,Thaddus,tyeend1w@fastcompany.com
70,Janina,jfibbens1x@histats.com
71,Madeleine,mkill1y@elpais.com
72,Dudley,dkidgell1z@g.co
73,Christine,cnorthin20@nba.com
74,Valerie,vcamilleri21@nbcnews.com
75,Lise,lornells22@thetimes.co.uk
76,Jemmy,jszymonowicz23@ask.com
77,Silvano,skirlin24@networksolutions.com
78,Eldredge,eglazier25@rakuten.co.jp
79,Brent,bshapcott26@tuttocitta.it
80,Clotilda,cschirak27@mayoclinic.com
81,Bryant,bcogan28@telegraph.co.uk
82,Naomi,nbalderston29@miibeian.gov.cn
83,Lexi,lmaseyk2a@yandex.ru
84,Thadeus,tdransfield2b@google.cn
85,Rodie,rschimann2c@boston.com
86,Tallia,tjoblin2d@is.gd
87,Violette,vgradly2e@cnbc.com
88,Shem,smarvin2f@issuu.com
89,Napoleon,nferrone2g@sitemeter.com
90,Maressa,mchalk2h@clickbank.net
91,Boniface,bjansey2i@github.com
92,Holly-anne,htabary2j@ucoz.ru
93,Morgana,mbellini2k@unesco.org
94,Malvin,mgamil2l@cnet.com
95,Harlie,hfolk2m@salon.com
96,Romeo,rbliben2n@nps.gov
97,Carly,ctuckie2o@house.gov
98,Roze,rmerali2p@mysql.com
99,Chaim,cfeifer2q@comsenz.com
100,Emmalynne,eberger2r@cyberchimps.com
101,Irena,itrimnell2s@eventbrite.com
102,Jocko,jcherrison2t@alexa.com
103,Juliane,jmcmichael2u@blogtalkradio.com
104,Pryce,pbrownsell2v@etsy.com
105,Cornall,cpicford2w@github.io
106,Coop,cgreer2x@scientificamerican.com
107,Ollie,olewendon2y@amazonaws.com
108,Codi,ckirrens2z@blogspot.com
109,Monika,mbowering30@independent.co.uk
110,Tyrus,tzute31@un.org
111,Rois,rbedle32@reuters.com
112,Mireielle,meskrigg33@networkadvertising.org
113,Robyn,rcoverly34@hud.gov
114,Leyla,lurlich35@dropbox.com
115,Sonnnie,sreppaport36@dedecms.com
116,Jenelle,jogormally37@so-net.ne.jp
117,Even,ecorde38@altervista.org
118,Emmet,esoles39@privacy.gov.au
119,Inness,idurbin3a@ucsd.edu
120,Garold,gyukhnin3b@sciencedirect.com
121,Devon,dpettet3c@archive.org
122,Carolus,ckamiyama3d@jugem.jp
123,Augustus,akettlewell3e@chron.com
124,Enrika,ebohling3f@nbcnews.com
125,Mead,mfuge3g@csmonitor.com
126,Haslett,holekhov3h@intel.com
127,Ray,rfishlee3i@jugem.jp
128,Brandea,bbagger3j@samsung.com
129,Humphrey,hwiskar3k@alexa.com
130,Sibylle,sduddin3l@reverbnation.com
131,Peter,pcoryndon3m@shareasale.com
132,Giovanna,gkilgannon3n@blinklist.com
133,Berry,bgraveston3o@techcrunch.com
134,Natalina,nklimentyonok3p@ameblo.jp
135,Dom,dregina3q@admin.ch
136,Jess,jlidgett3r@gmpg.org
137,Benton,bsowte3s@ucoz.com
138,Loise,laviss3t@deviantart.com
139,Sophi,swagerfield3u@amazon.co.uk
140,Millard,mschutte3v@webeden.co.uk
141,Dell,djosum3w@google.nl
142,Romy,rcribbin3x@yahoo.co.jp
143,Jamesy,jpinch3y@wsj.com
144,Siward,smashro3z@reddit.com
145,Dredi,dmcgonagle40@cmu.edu
146,Page,pthoms41@kickstarter.com
147,Pennie,ppriestland42@webeden.co.uk
148,Genovera,gwreiford43@liveinternet.ru
149,Gloria,gflewett44@meetup.com
150,Saunders,sjellett45@nifty.com
151,Cyndi,cwarman46@washingtonpost.com
152,Jandy,jtowndrow47@smh.com.au
153,Shermie,scallacher48@mozilla.com
154,Mordecai,mgifkins49@harvard.edu
155,Ingar,ispinella4a@gmpg.org
156,Idette,iguilloud4b@deliciousdays.com
157,Maribeth,mstrowther4c@photobucket.com
158,Sutton,sskittrall4d@aboutads.info
159,Marcus,mscone4e@com.com
160,Demetre,dboom4f@dailymotion.com
161,Cornela,cdunkerton4g@alibaba.com
162,Brendis,bdavidek4h@narod.ru
163,Arch,aropking4i@microsoft.com
164,Jacintha,jjellings4j@oakley.com
165,Rodie,rsans4k@barnesandnoble.com
166,Cody,cciotti4l@qq.com
167,Deanna,dharuard4m@nps.gov
168,Effie,edossantos4n@hud.gov
169,Eldin,ewedmore4o@fastcompany.com
170,Far,fdallinder4p@parallels.com
171,Darren,dsketchley4q@npr.org
172,Kimbra,kmacbrearty4r@wikimedia.org
173,Antoine,adignall4s@bandcamp.com
174,Chilton,cgreenside4t@purevolume.com
175,Barnebas,bgianinotti4u@earthlink.net
176,Tomasine,tferrar4v@oakley.com
177,Jerad,jferry4w@disqus.com
178,Thorstein,tlippi4x@symantec.com
179,Mavis,mposselwhite4y@dagondesign.com
180,Valentino,vcoomber4z@addthis.com
181,Amory,adally50@pagesperso-orange.fr
182,Burton,bbarks51@vinaora.com
183,Xenos,xfraanchyonok52@networkadvertising.org
184,Selig,sforrington53@exblog.jp
185,Guido,geastmond54@sphinn.com
186,Therese,ttolfrey55@spiegel.de
187,Grover,gwathen56@imgur.com
188,Weylin,wsidwell57@ucoz.ru
189,Danita,ddurante58@forbes.com
190,Tommie,tdellcasa59@comsenz.com
191,Flemming,froycroft5a@reuters.com
192,Allie,akirkwood5b@accuweather.com
193,Silvana,ssweed5c@dion.ne.jp
194,Alexandrina,abalma5d@businesswire.com
195,Nathanael,ntoulch5e@diigo.com
196,Herculie,hpetticrow5f@weibo.com
197,Vasily,vpagett5g@dmoz.org
198,Margot,mtopley5h@constantcontact.com
199,Marve,mmoquin5i@chron.com
200,Truman,tgravet5j@nytimes.com
201,Rhiamon,rsoftley5k@alexa.com
202,Gayler,gmaccrann5l@cloudflare.com
203,Delaney,dantognoni5m@creativecommons.org
204,Raphael,rcurrell5n@answers.com
205,Elly,ecawsby5o@fema.gov
206,Margarita,mpeotz5p@dot.gov
207,Sutherlan,sankers5q@cargocollective.com
208,Ezmeralda,einsall5r@technorati.com
209,Pammy,pmcglaughn5s@ftc.gov
210,Roshelle,rwarsap5t@ebay.com
211,Johan,jbraidwood5u@phoca.cz
212,Brok,bplows5v@bravesites.com
213,Nerte,ncordie5w@bandcamp.com
214,Randell,rargrave5x@indiegogo.com
215,Prentice,pdoran5y@twitpic.com
216,Meridith,mlingwood5z@seesaa.net
217,Sebastian,svolker60@ucoz.com
218,Paule,pmanilove61@github.com
219,Phebe,pprendergrast62@devhub.com
220,Stephi,srutland63@reuters.com
221,Costa,cdecullip64@google.ca
222,Massimiliano,msomes65@statcounter.com
223,Lotti,ltongs66@cargocollective.com
224,Jobi,jwelch67@vk.com
225,Sampson,sfellows68@weibo.com
226,Currey,ccasine69@rakuten.co.jp
227,Wait,wcaley6a@cocolog-nifty.com
228,Rafe,rthurborn6b@com.com
229,Martica,mtorres6c@amazon.co.jp
230,Urban,ucoplestone6d@walmart.com
231,Scot,sankrett6e@sogou.com
232,Sherie,sceely6f@techcrunch.com
233,Donnie,dmaddison6g@tumblr.com
234,Debi,dhugo6h@fc2.com
235,Kingsly,kgoodyear6i@mail.ru
236,Cal,ccamplen6j@examiner.com
237,Cthrine,cregi6k@simplemachines.org
238,Vanya,vhamlyn6l@mozilla.org
239,Shayna,srandalston6m@loc.gov
240,Cody,cjardein6n@topsy.com
241,Neill,npattenden6o@alexa.com
242,Calida,cpieters6p@livejournal.com
243,Petr,pbridgwood6q@loc.gov
244,Rhoda,ribert6r@walmart.com
245,Tris,tdeblasiis6s@cargocollective.com
246,Tedmund,tjurewicz6t@cbslocal.com
247,Petrina,pesby6u@51.la
248,Marilee,mbrient6v@toplist.cz
249,Buddy,bglassford6w@google.fr
250,Dionis,dalekseev6x@zdnet.com
251,Faulkner,fesselen6y@hp.com
252,Fayth,fbateman6z@mac.com
253,Jessi,jquestier70@seattletimes.com
254,Pearle,pcomben71@upenn.edu
255,Nevile,nsinnatt72@usa.gov
256,Shara,sdanser73@furl.net
257,Livvyy,ltayt74@icq.com
258,Sianna,sgorner75@about.me
259,Bobinette,bblaydon76@springer.com
260,Denice,dwhyman77@angelfire.com
261,Leland,leggleston78@dagondesign.com
262,Ginevra,goverstall79@spiegel.de
263,Katrinka,kmcknockiter7a@squidoo.com
264,Korry,kflieg7b@foxnews.com
265,Bethina,bdarter7c@ovh.net
266,Hadria,hbewsy7d@theglobeandmail.com
267,Putnam,pgirth7e@behance.net
268,Margaretta,mcauser7f@yahoo.co.jp
269,Warner,wloghan7g@lulu.com
270,Terrill,tpimblett7h@bloglines.com
271,Rodolfo,rratter7i@yale.edu
272,Virgil,vgibke7j@theglobeandmail.com
273,Fanya,ftrattles7k@ning.com
274,Natassia,nbrind7l@dagondesign.com
275,Bartholomeus,bminchinden7m@scientificamerican.com
276,Evelin,edallywater7n@noaa.gov
277,Krispin,kmor7o@slashdot.org
278,Opal,otinan7p@theglobeandmail.com
279,Morly,mdumphrey7q@tripadvisor.com
280,Jacklin,jpeteri7r@cam.ac.uk
281,Kin,kduchart7s@biblegateway.com
282,Tate,tredmire7t@alibaba.com
283,Olivette,opagitt7u@clickbank.net
284,Marlee,mspir7v@si.edu
285,Augie,akidman7w@altervista.org
286,Dulci,dpenylton7x@umn.edu
287,Fielding,fworlock7y@paypal.com
288,Siffre,sstourton7z@constantcontact.com
289,Bondon,bdrieu80@mayoclinic.com
290,Lucie,leliet81@ameblo.jp
291,Layla,lewer82@yahoo.com
292,Padriac,pcasper83@yale.edu
293,Eberhard,ejubert84@diigo.com
294,Cathyleen,cochterlonie85@exblog.jp
295,Ray,rmcgillreich86@wisc.edu
296,Munmro,mschrei87@auda.org.au
297,Lauryn,logelbe88@tripadvisor.com
298,Ignatius,ijillett89@seesaa.net
299,Gay,gtidbald8a@360.cn
300,Guendolen,gsehorsch8b@so-net.ne.jp
301,Eolanda,ebruce8c@livejournal.com
302,Zechariah,zquail8d@noaa.gov
303,Renie,rcoldridge8e@trellian.com
304,Ania,ahildred8f@angelfire.com
305,Broderic,bjillings8g@cnet.com
306,Lyndsay,lrobb8h@last.fm
307,Merrick,mprisley8i@nhs.uk
308,Oralia,oguirard8j@flickr.com
309,Oralla,ocrucetti8k@chron.com
310,Prissie,ptalks8l@csmonitor.com
311,Ulrika,ujosefson8m@indiatimes.com
312,Dalis,dkitt8n@qq.com
313,Rori,rvanderbeek8o@nyu.edu
314,Manfred,mbedell8p@intel.com
315,Orin,omeader8q@earthlink.net
316,Christabella,chenighan8r@bandcamp.com
317,Charyl,cmcilriach8s@nbcnews.com
318,Kassey,kbiggar8t@nhs.uk
319,Rorie,rschulter8u@godaddy.com
320,Odelinda,opresnall8v@bbc.co.uk
321,Bertrando,bmolfino8w@icq.com
322,Denny,ddisbrey8x@spotify.com
323,Rhody,rkeling8y@mapquest.com
324,Benjie,bfedynski8z@flickr.com
325,Tabbie,tsay90@diigo.com
326,Meta,moldham91@miibeian.gov.cn
327,Prissie,pmadill92@youtube.com
328,Colline,cgowry93@globo.com
329,Gaylene,gbodleigh94@imageshack.us
330,Elvina,egerg95@illinois.edu
331,Banky,bwhyffen96@csmonitor.com
332,Brittan,bscurlock97@ifeng.com
333,Meade,molivet98@netvibes.com
334,Clementine,cromao99@slate.com
335,Chere,croizn9a@sciencedaily.com
336,Bendick,bgillise9b@scribd.com
337,Wakefield,wclissell9c@ycombinator.com
338,Elane,ebrockie9d@hibu.com
339,Nanon,ndominick9e@angelfire.com
340,Grannie,gbaggarley9f@icio.us
341,Katie,kstoyles9g@intel.com
342,Susette,scoe9h@google.com
343,Sophia,szorzini9i@marketwatch.com
344,Prisca,pomullaney9j@hexun.com
345,Edyth,emacquist9k@omniture.com
346,Broderick,bdouglas9l@va.gov
347,Ronnica,rmateja9m@storify.com
348,Harcourt,hrubi9n@canalblog.com
349,Elsworth,etamlett9o@networksolutions.com
350,Benedetto,blongina9p@washingtonpost.com
351,Augy,achilvers9q@yahoo.co.jp
352,Cele,civatt9r@linkedin.com
353,Mela,mminers9s@list-manage.com
354,Claudell,cgebhard9t@yale.edu
355,Buck,bgolborn9u@umn.edu
356,Johnna,jlabuschagne9v@va.gov
357,Rosana,rmuffin9w@washington.edu
358,Guillema,gthorwarth9x@biglobe.ne.jp
359,Odele,odonke9y@cpanel.net
360,Lacie,lconnew9z@seattletimes.com
361,Antons,arattera0@ucla.edu
362,Elberta,egrossmana1@yolasite.com
363,Bertie,bgrimsditcha2@ocn.ne.jp
364,Rebecca,rvansaltsberga3@spotify.com
365,Dino,dprestagea4@woothemes.com
366,Gwenette,ganwella5@guardian.co.uk
367,Alaster,abackwella6@opensource.org
368,Karna,kbelza7@wunderground.com
369,Griffin,gfieldinga8@uiuc.edu
370,Tobit,tcrawcoura9@bloglines.com
371,Amy,asafeaa@rambler.ru
372,Lyn,lbassetab@techcrunch.com
373,Laney,ldisbrowac@nyu.edu
374,Gearalt,gvowellad@g.co
375,Vivia,vdunnae@php.net
376,Chen,cmacmenamyaf@wired.com
377,Chase,cpavyag@webmd.com
378,Oberon,osemechikah@yellowpages.com
379,Jeannie,jwalczakai@goodreads.com
380,Adella,ayegorovninaj@wikimedia.org
381,Herve,hgrinsteadak@mozilla.com
382,Percy,pmiskimmonal@networkadvertising.org
383,Melisent,mmckellenam@vimeo.com
384,Willdon,wcuerdalean@naver.com
385,Quinton,qcotilardao@patch.com
386,Estell,egeraldap@behance.net
387,Corette,cbouttonaq@free.fr
388,Roobbie,rvarcoear@1und1.de
389,Lindi,lsoppittas@friendfeed.com
390,Geri,gpautotat@feedburner.com
391,Brenda,bporcherau@huffingtonpost.com
392,Marlo,mcatterillav@businessinsider.com
393,Randolph,rbyrdaw@barnesandnoble.com
394,Stanislaus,skunradax@tamu.edu
395,Jodie,jmicoay@photobucket.com
396,Marie-jeanne,mbraybrookesaz@businessinsider.com
397,Lonee,lmccolleyb0@infoseek.co.jp
398,Gerri,gowbridgeb1@blogtalkradio.com
399,Concordia,cskevingtonb2@berkeley.edu
400,Vito,valexandroub3@yellowpages.com
401,August,ajenynsb4@qq.com
402,Karolina,khagertyb5@imageshack.us
403,Dorice,ddoneldb6@naver.com
404,Thibaut,tdematteib7@cafepress.com
405,Torrey,ttiplerb8@cmu.edu
406,Hillery,hbatisseb9@tinyurl.com
407,Lindsay,lsayreba@cocolog-nifty.com
408,Dorolice,dpiffbb@miibeian.gov.cn
409,Alan,amennellbc@gravatar.com
410,Othelia,odilkesbd@webnode.com
411,Sena,sharrismithbe@shinystat.com
412,Helene,hcoventonbf@lulu.com
413,Maudie,mmcgowbg@spiegel.de
414,Bartholemy,bsmalecombebh@istockphoto.com
415,Mel,mmidgelybi@dyndns.org
416,Raff,rcanetbj@simplemachines.org
417,Ariel,afilsonbk@guardian.co.uk
418,Ada,aibbisonbl@uol.com.br
419,Bonny,bskellingtonbm@deviantart.com
420,Michell,mcornewbn@vk.com
421,Anthe,aturfusbo@cafepress.com
422,Deni,dcasperbp@noaa.gov
423,Edan,esignebq@about.com
424,Gerianna,glambbr@feedburner.com
425,Tam,tfinnickbs@php.net
426,Early,esnozzwellbt@kickstarter.com
427,Hilda,hfazziolibu@google.com.au
428,Pavla,poriganbv@ihg.com
429,Binni,badkinsbw@ted.com
430,Gae,gclymobx@sitemeter.com
431,Deidre,dberntssenby@angelfire.com
432,Mano,moslerbz@hatena.ne.jp
433,Catherina,cfinkc0@redcross.org
434,Alexei,abreedec1@naver.com
435,Millard,mmarkec2@wikispaces.com
436,Fanni,fbillettc3@ftc.gov
437,Celinka,cgiacuboc4@newsvine.com
438,Shanan,sgurryc5@accuweather.com
439,Hamilton,hcristoforc6@youku.com
440,Creighton,ccogarc7@wufoo.com
441,Friedrick,fbluschkec8@loc.gov
442,Micky,molivetic9@yandex.ru
443,Kris,khincksca@tinyurl.com
444,Zita,zgorhardtcb@apple.com
445,Elroy,emindenhallcc@tinyurl.com
446,Tarrance,tburlecd@reference.com
447,Giffie,gtylerce@dailymotion.com
448,Arlena,ahaironcf@360.cn
449,Minetta,mkenealycg@trellian.com
450,Leola,lellerkerch@mashable.com
451,Myer,mfernelyci@hp.com
452,Lina,lberntssencj@utexas.edu
453,Arlen,avineck@newsvine.com
454,Patrizio,pclardgecl@rediff.com
455,Orel,onoddingscm@paginegialle.it
456,Iona,iyerborncn@npr.org
457,Costanza,ccorradinico@oracle.com
458,Debbi,dragdalecp@globo.com
459,Jefferey,jmermancq@yahoo.co.jp
460,Brigida,bmountercr@cmu.edu
461,Verna,vhenloncs@ehow.com
462,Natty,nmewect@tinypic.com
463,Phaedra,pbroomhallcu@unesco.org
464,Rice,rcornboroughcv@tripadvisor.com
465,Gale,gaverillcw@skype.com
466,Charleen,cdossettercx@soundcloud.com
467,Alayne,anormandalecy@usgs.gov
468,Hoebart,hdowardcz@ustream.tv
469,Kaitlynn,kglusbyd0@topsy.com
470,Alfonso,ahughsond1@nsw.gov.au
471,Rosaline,rkitchenerd2@aol.com
472,Giulia,gmawhinneyd3@state.gov
473,Vite,vclaesensd4@wunderground.com
474,Lynnell,lkrahld5@delicious.com
475,Berkie,bdehooghd6@accuweather.com
476,Carlynne,cmanifouldd7@shop-pro.jp
477,Ettie,ebrownlied8@ucla.edu
478,Julio,jpellittd9@nps.gov
479,Dani,dfaughnanda@example.com
480,Devland,dbernuzzidb@infoseek.co.jp
481,Reta,rizatdc@drupal.org
482,Fabian,fsmithedd@goo.ne.jp
483,Fifine,fhampde@salon.com
484,Othello,ododworthdf@booking.com
485,Margeaux,mlowdeanedg@bluehost.com
486,Robinson,rspurdensdh@opensource.org
487,Lisabeth,lhiddsleydi@timesonline.co.uk
488,Taddeusz,tkielydj@topsy.com
489,Hyacinthie,hmcenirydk@webmd.com
490,Emery,eturrilldl@twitpic.com
491,Beverie,belstowdm@parallels.com
492,Lorene,llemardn@bloglovin.com
493,Jacquenetta,jcantwelldo@usa.gov
494,Aurilia,aaldinsdp@slate.com
495,Myra,mchattelainedq@ca.gov
496,Barbabas,bmaudsleydr@amazon.co.uk
497,Aloise,aziemensds@symantec.com
498,Sharona,sruggierodt@cbslocal.com
499,Korey,kigguldendu@delicious.com
500,Delila,dkillikdv@wikispaces.com
501,Dore,djerischdw@wikipedia.org
502,Krysta,kpawdendx@mac.com
503,Doralyn,delwooddy@vistaprint.com
504,Nelly,nmcgriffindz@fema.gov
505,Marcelle,mantleye0@google.com
506,Claus,csapshede1@over-blog.com
507,Virgie,vskoughmane2@i2i.jp
508,Marne,mgrishunine3@bluehost.com
509,Zora,zleghorne4@qq.com
510,Kriste,kgandare5@liveinternet.ru
511,Gerhard,gfyrthe6@soup.io
512,Emmanuel,ebrunrothe7@google.co.jp
513,Stacey,sburrile8@kickstarter.com
514,Pet,plafayettee9@bluehost.com
515,Celina,crosserea@github.io
516,Eddi,eballaameb@linkedin.com
517,Saleem,solunnyec@joomla.org
518,Selinda,spellamonutened@plala.or.jp
519,Milt,msandbrookee@soup.io
520,Marybeth,mmcgirlef@oracle.com
521,Nevins,nhugleeg@blinklist.com
522,Clerissa,ctownsoneh@mac.com
523,Milo,manandei@biblegateway.com
524,Guthrey,gstallebrassej@whitehouse.gov
525,Sollie,sspradeek@indiatimes.com
526,Lincoln,lbleesingel@etsy.com
527,Lulita,ldurieem@princeton.edu
528,Coleen,cpridhamen@dmoz.org
529,Gabrielle,gmulcastereo@cloudflare.com
530,Cordi,carnkeep@weebly.com
531,Siegfried,sabernethyeq@cnet.com
532,Alfonse,aisakover@cafepress.com
533,Delcina,dorbones@stanford.edu
534,Sybil,sniesinget@alibaba.com
535,Terrance,tbrothwoodeu@creativecommons.org
536,Berni,bminichiev@lulu.com
537,Annabela,aambrosoliew@netlog.com
538,Mervin,mamnerex@infoseek.co.jp
539,Thaddus,trosseyey@ifeng.com
540,Patsy,pgrimsdellez@indiegogo.com
541,Gracie,grebillardf0@vinaora.com
542,Bjorn,bvamplewf1@typepad.com
543,Orlan,ogosnellf2@wp.com
544,Kev,kadenetf3@goo.ne.jp
545,Isabel,iiacapuccif4@japanpost.jp
546,Trudy,tstartonf5@auda.org.au
547,Stanislaus,sstammlerf6@trellian.com
548,Abe,awhewellf7@de.vu
549,Adena,avayrof8@canalblog.com
550,Pete,pjepensenf9@moonfruit.com
551,Nell,nsatterthwaitefa@t.co
552,Asia,ajambrozekfb@printfriendly.com
553,Oriana,omurphyfc@1und1.de
554,Ricard,rranyellfd@4shared.com
555,Roxy,rstobbartfe@symantec.com
556,Jens,jhilliamff@netscape.com
557,Eddy,epeardefg@boston.com
558,Giacomo,gwoltonfh@privacy.gov.au
559,Carline,clyndonfi@time.com
560,Marieann,msootfj@wikipedia.org
561,Les,lladelfk@arstechnica.com
562,Giustina,gsemperfl@eepurl.com
563,Kaycee,kritsonfm@constantcontact.com
564,Tedmund,tjacqueminetfn@nih.gov
565,Marwin,mmellemfo@epa.gov
566,Harry,haspinwallfp@noaa.gov
567,Lothaire,laspfq@mashable.com
568,Cati,cohogertiefr@nbcnews.com
569,Rhianon,rbroschkefs@newsvine.com
570,Adelaida,abirtwellft@ycombinator.com
571,Juliet,jmillerfu@wiley.com
572,Hank,hhedauxfv@freewebs.com
573,Kain,kbroodfw@cocolog-nifty.com
574,Virginie,vlifseyfx@taobao.com
575,Sherman,scausleyfy@mapy.cz
576,Giralda,gholehousefz@free.fr
577,Saxon,sarletg0@hc360.com
578,Kylie,kmeacheng1@apple.com
579,Lemmie,lswadlingeg2@nhs.uk
580,Jule,jsperlingg3@youtu.be
581,Sid,shlavacg4@bandcamp.com
582,Johan,jmaccoleg5@nymag.com
583,Adrian,amulhallg6@state.gov
584,Sandi,sskipperbottomg7@jimdo.com
585,Derek,dsleneyg8@cnn.com
586,Lief,leppersong9@howstuffworks.com
587,Win,wkubecga@arizona.edu
588,Owen,odecarteretgb@cnet.com
589,Filberto,fregigc@jimdo.com
590,Tova,tolivazzigd@eepurl.com
591,Audrey,ahumerstonege@dion.ne.jp
592,Winny,wcaccavellagf@upenn.edu
593,Demetri,dcotesgg@soundcloud.com
594,Lynea,lrhymergh@goo.gl
595,Tish,tmidnergi@marriott.com
596,Horatia,hbengtsongj@live.com
597,Christiano,clarouxgk@soup.io
598,Fidela,fbelleniegl@behance.net
599,Reilly,rcoatesgm@wikipedia.org
600,Ebba,eingreegn@theguardian.com
601,Gan,gcarrigango@oaic.gov.au
602,Merlina,msydesgp@unicef.org
603,Ignazio,iliddiardgq@pen.io
604,Consalve,cloitertongr@deliciousdays.com
605,Dell,dkeachgs@scribd.com
606,Rabbi,rmayworthgt@paginegialle.it
607,Nike,nkissellgu@hao123.com
608,Johnette,jadesgv@wordpress.org
609,Devlin,dawdrygw@instagram.com
610,Nobie,nharbardgx@photobucket.com
611,Clemens,cperinggy@sun.com
612,Emera,eavesongz@cornell.edu
613,Bobby,bmeccoh0@vkontakte.ru
614,Darbie,dchamanh1@edublogs.org
615,Zsa zsa,zoakinfoldh2@princeton.edu
616,Annissa,aferriereh3@alibaba.com
617,Zonda,zolomanh4@xrea.com
618,Saundra,sskuleh5@theatlantic.com
619,Sydelle,sbaseggioh6@angelfire.com
620,Abramo,atompkissh7@twitter.com
621,Iggy,ihaberchamh8@fema.gov
622,Allard,abrouwerh9@merriam-webster.com
623,Lila,laucklandha@mapquest.com
624,Delbert,dgoudehb@facebook.com
625,Josie,jfilipsonhc@arstechnica.com
626,Lynde,lgherarduccihd@youtube.com
627,Igor,iattenborrowhe@github.io
628,Arleyne,abanfillhf@last.fm
629,Fernanda,fharronhg@businesswire.com
630,Martynne,mdesbrowhh@altervista.org
631,Hale,hpantlinhi@sphinn.com
632,Ettie,esaffrinhj@boston.com
633,Egon,egannyhk@nbcnews.com
634,Cherlyn,cnannihl@artisteer.com
635,Stanwood,shorburghhm@nbcnews.com
636,Idelle,iscoonhn@google.de
637,Lorilyn,llefevreho@cam.ac.uk
638,Ermengarde,eedgingtonhp@netscape.com
639,Andy,abirrelhq@wikia.com
640,Garnette,ghellwichhr@nsw.gov.au
641,Etty,efitcheths@yellowbook.com
642,Saunder,smcilwaineht@google.com.au
643,Harald,hdobbinhu@yelp.com
644,Merwyn,mbottehv@dailymotion.com
645,Robin,rbuckstonhw@bandcamp.com
646,Hamnet,hbrongerhx@pbs.org
647,Bridget,bheinritzhy@virginia.edu
648,Raff,rroyalhz@howstuffworks.com
649,Shurlock,syausi0@squidoo.com
650,Lilla,lcrosskelli1@addtoany.com
651,Benny,btarbardi2@xrea.com
652,Anthea,acundei3@flavors.me
653,Zelig,zpavkovici4@rambler.ru
654,Teodorico,tnolii5@weather.com
655,Jacintha,jcodii6@google.es
656,Niel,nnorcocki7@whitehouse.gov
657,Lurlene,lrolli8@bluehost.com
658,Chucho,cdomkei9@mapquest.com
659,Dick,dkinlockia@hud.gov
660,Cathee,cwigfieldib@macromedia.com
661,Tiebout,tdeniseauic@prweb.com
662,Daryl,ddolleid@bravesites.com
663,Winnie,wsnellingie@disqus.com
664,Yulma,ybrockingif@sbwire.com
665,Matilde,mvaterig@blogtalkradio.com
666,Nichole,ngeorgiusih@mtv.com
667,Ingmar,isquirrellii@slate.com
668,Stephani,sdruittij@toplist.cz
669,Dominique,ddurransik@tinyurl.com
670,Chrysa,cdeadmanil@forbes.com
671,Cornie,ckarlsenim@elpais.com
672,Byron,bboddymeadin@opera.com
673,Milka,mmillhouseio@accuweather.com
674,Star,sazemarip@umn.edu
675,Enriqueta,ederelliq@reverbnation.com
676,Nestor,nguirardinir@ucsd.edu
677,Kimberli,kcamossois@ocn.ne.jp
678,Natalina,nfeehamit@acquirethisname.com
679,Ly,llaxtoniu@google.ru
680,Eloisa,ehuckeriv@storify.com
681,Tomasina,tlovartiw@creativecommons.org
682,Deena,dnelmix@stanford.edu
683,Cornie,cibotsoniy@opensource.org
684,Borg,bdarreliz@bigcartel.com
685,Brandea,bduckersj0@t.co
686,Sonny,sluesleyj1@arstechnica.com
687,Hilton,hroizinj2@e-recht24.de
688,Trula,tkibbyej3@skype.com
689,Nathanael,ndrinkhillj4@pinterest.com
690,Mimi,mgreenmanj5@tuttocitta.it
691,Shela,svideneevj6@slideshare.net
692,Harrie,hzinij7@alibaba.com
693,Meriel,mmcamishj8@desdev.cn
694,Elmo,eclimpsonj9@ted.com
695,Julian,jreddickja@desdev.cn
696,Nadeen,nscynerjb@instagram.com
697,Ronny,rseabrookejc@yahoo.com
698,Wilmar,wcorlessjd@indiatimes.com
699,Dennie,drevittje@example.com
700,Gabe,gfarryanjf@buzzfeed.com
701,Ibbie,iminifiejg@utexas.edu
702,Willy,wdrainjh@archive.org
703,Linus,lleynaghji@google.co.jp
704,Gerty,gsingyardjj@people.com.cn
705,Amble,ahurlesjk@sciencedirect.com
706,Marillin,mohalloranjl@themeforest.net
707,Jessica,jweldsjm@apple.com
708,Agace,aeustonjn@t-online.de
709,Marianna,mashalljo@economist.com
710,Glen,gberryannjp@state.tx.us
711,Persis,pmowerjq@tumblr.com
712,Morly,mpiejr@barnesandnoble.com
713,Cyrillus,cestcotjs@rambler.ru
714,Simmonds,ssibthorpejt@1und1.de
715,Tracy,titzigju@msu.edu
716,Pauli,pharkesjv@oaic.gov.au
717,Tommy,tdregerjw@google.de
718,Jenni,jsollowayejx@indiegogo.com
719,Brynna,bdowsingjy@techcrunch.com
720,Thelma,tmabonjz@nature.com
721,Rubina,rwinnardk0@shop-pro.jp
722,Mattheus,mtompkinsonk1@kickstarter.com
723,Naoma,nmcintoshk2@1und1.de
724,Mavra,mallikerk3@wikipedia.org
725,Ira,ikristoffersenk4@gov.uk
726,Charley,cmichek5@washingtonpost.com
727,Melita,mboxhillk6@weather.com
728,Obadias,ohuggonk7@fda.gov
729,Constantia,cspeaksk8@hao123.com
730,Meara,mbatchelark9@springer.com
731,Netta,ncowherdka@merriam-webster.com
732,Rog,rsholemkb@slideshare.net
733,Madelaine,mdoomankc@elpais.com
734,Pedro,pthrustlekd@ocn.ne.jp
735,Bethina,bfrancesconike@goo.gl
736,Sherwood,skenforthkf@microsoft.com
737,Natala,nstorkkg@liveinternet.ru
738,Blondie,bkoomarkh@bravesites.com
739,Vernen,vodowgaineki@tumblr.com
740,Ansell,amoormankj@cbc.ca
741,Chiarra,ccollifordkk@wsj.com
742,Charmane,ccordeirokl@guardian.co.uk
743,Wyatt,wphillerkm@princeton.edu
744,Cullie,ckilliamkn@quantcast.com
745,Quint,qiacovoloko@purevolume.com
746,Orrin,obradbrookkp@sohu.com
747,Zechariah,zdizliekq@hugedomains.com
748,Putnam,pkowalskikr@hibu.com
749,Chrissie,cmullinks@unicef.org
750,Curr,ckienzlekt@twitter.com
751,Corly,cradboneku@twitpic.com
752,Jonas,jivanuschkakv@ovh.net
753,Husein,hsimonekw@techcrunch.com
754,Mireille,mmasarratkx@google.com.br
755,Benedikta,btestoky@canalblog.com
756,Abra,amcgraykz@zimbio.com
757,Nico,njozaitisl0@cnn.com
758,Freddi,fosheerinl1@businessweek.com
759,Jeno,jthoresbiel2@oracle.com
760,Leodora,ldjekovicl3@washington.edu
761,Oralie,obowdonl4@sbwire.com
762,Garland,gpaxmanl5@twitpic.com
763,Corabella,cjosilevichl6@youku.com
764,Darnell,dbleibauml7@oracle.com
765,Carleen,cballintynel8@w3.org
766,Sophia,ssnaryl9@vistaprint.com
767,Sargent,sbullerwellla@bigcartel.com
768,Hewet,hfuzzardlb@nytimes.com
769,Farica,fmaytelc@mysql.com
770,Corilla,cjuryld@cloudflare.com
771,Wernher,wlestorle@bravesites.com
772,Asia,ametziglf@accuweather.com
773,Lynelle,lpencottlg@freewebs.com
774,Randee,rcattowlh@shinystat.com
775,Town,tweekli@sbwire.com
776,Bartlett,bgoldenlj@bandcamp.com
777,Carmel,ccorriealk@studiopress.com
778,Clo,cflaunierll@jugem.jp
779,Tami,tlambertzlm@xing.com
780,Nora,nbracknallln@com.com
781,Leena,lroubeixlo@google.de
782,Clarice,crewbottomlp@oaic.gov.au
783,Devy,dolletlq@typepad.com
784,Timofei,tgarfordlr@sogou.com
785,Dorie,dmilmoels@berkeley.edu
786,Leoline,lstobielt@taobao.com
787,Orelie,obletsorlu@mlb.com
788,Trista,tkirbylv@hexun.com
789,Skipton,sellerbecklw@123-reg.co.uk
790,Marlow,malesilx@webs.com
791,Ernst,ecossinsly@wisc.edu
792,Sybyl,sheikkinenlz@cpanel.net
793,Bertie,bmolandm0@eventbrite.com
794,Lenka,lraffonm1@timesonline.co.uk
795,Templeton,tquincem2@ebay.com
796,Janene,jfieldersm3@soup.io
797,Winn,whorleym4@liveinternet.ru
798,Barbabra,bmichelem5@typepad.com
799,Althea,apesekm6@multiply.com
800,Fionna,fkingmanm7@cpanel.net
801,Juieta,jvanleijsm8@slate.com
802,Eziechiele,ecanningm9@domainmarket.com
803,Cirstoforo,cwinsonma@godaddy.com
804,Rena,rslanymb@comsenz.com
805,Brion,bnoorwoodmc@bloglines.com
806,Ravi,rdraiseymd@tinypic.com
807,Alyda,acourceyme@amazon.de
808,Lucie,lclissmf@nature.com
809,Wilt,wsantomg@guardian.co.uk
810,Gene,gwenningtonmh@odnoklassniki.ru
811,Sashenka,slaniganmi@cyberchimps.com
812,Erick,ebrambellmj@acquirethisname.com
813,Clive,cleglisemk@meetup.com
814,Casey,cclearsml@elegantthemes.com
815,Christalle,cwilloughleymm@tiny.cc
816,Prudence,pbeeblemn@abc.net.au
817,Fraser,fpeterkinmo@examiner.com
818,Petra,phousemanmp@mayoclinic.com
819,Valery,vbeaumanmq@indiegogo.com
820,Teddie,tdavidavidovicsmr@washington.edu
821,Charlotte,clayburnms@salon.com
822,Elane,egroobymt@jalbum.net
823,Enriqueta,eyegorovmu@google.de
824,Monique,mdeningtonmv@spiegel.de
825,Mallory,mshervilmw@sohu.com
826,Pat,pbraggintonmx@ucoz.ru
827,Gennie,gzaninimy@cafepress.com
828,Domingo,dshailermz@earthlink.net
829,Pammy,phazleyn0@census.gov
830,Isidoro,ihoulaghann1@zdnet.com
831,Hoebart,hmelpussn2@ehow.com
832,Shalna,smatschukn3@toplist.cz
833,Phylys,pmuffinn4@walmart.com
834,Cherilynn,cburbudgen5@auda.org.au
835,Barbie,bgrubeyn6@house.gov
836,Nevile,ngarrishn7@stanford.edu
837,Oralee,ooheneghann8@jugem.jp
838,Rancell,rgreenmonn9@smugmug.com
839,Austina,amorstonna@wordpress.com
840,Roth,rwhiteleynb@cargocollective.com
841,Remy,rdeamernc@geocities.com
842,Izak,iwittletonnd@pinterest.com
843,Giorgi,gzinckene@washingtonpost.com
844,Izak,ilechmerenf@edublogs.org
845,Hartwell,hcapnerng@businessinsider.com
846,Berrie,bdallaghannh@1688.com
847,Lorne,lcrosseni@xinhuanet.com
848,Izzy,ineadsnj@woothemes.com
849,Stacee,sgarmansnk@canalblog.com
850,Ede,eviegasnl@illinois.edu
851,Sigfrid,spellittnm@tinyurl.com
852,Tony,tscotchmornn@oaic.gov.au
853,Tarah,tbedborono@uiuc.edu
854,Diannne,dgarveynp@dmoz.org
855,Libbie,llimeburnernq@whitehouse.gov
856,Rania,rpaolinellinr@cdc.gov
857,Brittni,bbiskupiakns@reference.com
858,Sonja,slucusnt@netscape.com
859,Paule,pstegelnu@phpbb.com
860,Errick,emaclachlannv@github.com
861,Nalani,ndellcasanw@constantcontact.com
862,Tessa,tcastanienx@unesco.org
863,Emmye,ewintersgillny@trellian.com
864,Ches,csproulenz@pen.io
865,Drake,dmcgowano0@bigcartel.com
866,Maure,mburbanko1@icq.com
867,Andreana,aomohuno2@wired.com
868,Guthry,gbosdeno3@reddit.com
869,Adrienne,apycocko4@china.com.cn
870,Kattie,kplumridegeo5@hostgator.com
871,Lorenzo,liacovuzzio6@ucla.edu
872,Ilene,iperassio7@i2i.jp
873,Antonin,amccolmo8@google.fr
874,Claretta,ccastrilloo9@wunderground.com
875,Cesar,crawlisonoa@skyrock.com
876,Siobhan,schestersob@timesonline.co.uk
877,Sibelle,sdenacampoc@cpanel.net
878,Shurwood,scollensod@google.com.br
879,Kim,kfillaryoe@spotify.com
880,Kenny,kcarlof@jalbum.net
881,Livy,lshakesbyeog@soup.io
882,Abelard,agilliattoh@merriam-webster.com
883,Chiarra,cfennersoi@miibeian.gov.cn
884,Sheridan,sdrabbleoj@typepad.com
885,Ashlin,adaytonok@wufoo.com
886,Merv,mcrangol@360.cn
887,Yardley,ystoppsom@oaic.gov.au
888,Sigmund,spalleon@statcounter.com
889,Grier,gforrestoo@cdc.gov
890,Falito,fdarkerop@unblog.fr
891,Frasier,ftolfreyoq@stumbleupon.com
892,Sammy,scravenor@youku.com
893,Cate,charseos@whitehouse.gov
894,Emlynne,etownbyot@apple.com
895,Blondell,btowerseyou@ask.com
896,Benjie,bcrumbyov@posterous.com
897,Chelsy,cspinleyow@hc360.com
898,Emiline,ecleugherox@nyu.edu
899,Harlen,hpaolinioy@dion.ne.jp
900,Delores,dgonsalvooz@xing.com
901,Birch,bdeniseaup0@statcounter.com
902,Mead,mkienlp1@ovh.net
903,Alberta,alagdep2@shop-pro.jp
904,Mildred,msewterp3@blog.com
905,Aurthur,achrichtonp4@domainmarket.com
906,Milty,mimmingsp5@spotify.com
907,Pandora,pnewlandsp6@yolasite.com
908,Dougy,dlipmannp7@digg.com
909,Leticia,lswainsonp8@vinaora.com
910,Jennine,jnewlandp9@cpanel.net
911,Golda,gmacgiollapa@paginegialle.it
912,Temp,tdearnalypb@domainmarket.com
913,Dari,dmccreaghpc@mlb.com
914,Nicholas,nstlegerpd@abc.net.au
915,Libbie,lleghornpe@issuu.com
916,Marcelo,msummerhayespf@mysql.com
917,Hobie,hgarrudpg@newyorker.com
918,Dorolisa,dbutterleyph@topsy.com
919,Dee dee,dbenyanpi@wufoo.com
920,Larry,lcaulketpj@studiopress.com
921,Chase,cspierspk@apple.com
922,Fernandina,fdoranpl@patch.com
923,Shamus,srodenpm@about.me
924,Tiffani,tdifriscopn@sogou.com
925,Clyve,crampleepo@techcrunch.com
926,Vance,vschildpp@census.gov
927,Marabel,mansleypq@scientificamerican.com
928,Brade,bcocklinpr@godaddy.com
929,Ronnie,rrunacresps@va.gov
930,Jacqueline,jgladdenpt@gov.uk
931,Leanor,lnataliepu@cdc.gov
932,Leon,lwisbypv@addtoany.com
933,Arlan,astandallpw@linkedin.com
934,Jessi,jderuelpx@deliciousdays.com
935,Samson,sdomengetpy@nsw.gov.au
936,Vasily,vicompz@arizona.edu
937,Crissy,cheitzq0@mediafire.com
938,Lydia,lharleq1@princeton.edu
939,Ignatius,iferraraq2@goodreads.com
940,Mada,mlaverickq3@latimes.com
941,Vera,vgerardiq4@time.com
942,Ricoriki,rtetlaq5@fda.gov
943,Marlene,mdareq6@jigsy.com
944,Cam,ctinhamq7@epa.gov
945,Eddy,eoldfieldcherryq8@latimes.com
946,Sax,shunnisettq9@sitemeter.com
947,Auroora,aburlessqa@amazon.co.uk
948,Georgette,ghaglintonqb@wikia.com
949,Fonz,flangrishqc@example.com
950,Rikki,rtarrqd@flickr.com
951,Ekaterina,epascowqe@toplist.cz
952,Gerty,gpockeqf@uiuc.edu
953,Savina,storreqg@canalblog.com
954,Milena,mglowinskiqh@tripod.com
955,Chicky,cfrancescoccioqi@ask.com
956,Nappie,nerrichelliqj@shop-pro.jp
957,Isabeau,ielsworthqk@un.org
958,Kari,kgorvetteql@google.com.hk
959,Dalli,dcromarqm@newyorker.com
960,Roseanne,rflatherqn@indiegogo.com
961,Rhodie,rharfootqo@businesswire.com
962,Austin,aspurierqp@prlog.org
963,Saudra,sfahrenbachqq@theatlantic.com
964,Darb,dbisonqr@adobe.com
965,Timothy,toneilqs@cbslocal.com
966,Hill,hpinchbeckqt@163.com
967,Sada,schallicequ@friendfeed.com
968,Linnet,lwittenqv@cyberchimps.com
969,Malinda,msowersbyqw@jalbum.net
970,Flore,fhallihaneqx@huffingtonpost.com
971,Dacy,dbartelsqy@usda.gov
972,Meir,mkrollmannqz@mapquest.com
973,Oliy,oodoireidhr0@hibu.com
974,Xavier,xseveryr1@wp.com
975,Jourdain,jdumphyr2@etsy.com
976,Marven,mhadleer3@multiply.com
977,Mel,mseagoodr4@usnews.com
978,Carson,cgibbardr5@merriam-webster.com
979,Nicole,nnorthamr6@nytimes.com
980,Anabel,adjurevicr7@diigo.com
981,Jamima,jsantostefanor8@vistaprint.com
982,Chrotoem,chaggletonr9@oaic.gov.au
983,Merwyn,mmingottira@imageshack.us
984,Nolie,nburdikinrb@jalbum.net
985,Tynan,tcoarerc@wix.com
986,Tristan,tpighillsrd@aboutads.info
987,Krissie,kunwinsre@wikipedia.org
988,Fidelia,fmottonrf@drupal.org
989,Karlis,kgoutcherrg@moonfruit.com
990,Melesa,mdorrancerh@t-online.de
991,Willie,wgrahameri@businessweek.com
992,Joline,jadiscotrj@sourceforge.net
993,Jena,jleconterk@cargocollective.com
994,Vinni,vbailissrl@japanpost.jp
995,Rosa,rvynallrm@macromedia.com
996,Rhonda,rgordongilesrn@youtu.be
997,Darius,djustro@whitehouse.gov
998,Bobina,boxerrp@twitpic.com
999,Marika,mithellrq@istockphoto.com
1000,Kalli,kmilesrr@disqus.com
